symbol,score,tags
HITECH.NS,55,"ABSORPTION,PHASE_D"
IDEAFORGE.NS,55,"ABSORPTION,PHASE_D"
HBLENGINE.NS,55,"ABSORPTION,PHASE_D"
HCC.NS,55,"ABSORPTION,PHASE_D"
HFCL.NS,55,"ABSORPTION,PHASE_D"
IITL.NS,55,"ABSORPTION,PHASE_D"
ADFFOODS.NS,55,"ABSORPTION,PHASE_D"
INDOTECH.NS,55,"ABSORPTION,PHASE_D"
INDOTHAI.NS,55,"ABSORPTION,PHASE_D"
HAPPYFORGE.NS,55,"ABSORPTION,PHASE_D"
HARDWYN.NS,55,"ABSORPTION,PHASE_D"
INOXINDIA.NS,55,"ABSORPTION,PHASE_D"
IOLCP.NS,55,"ABSORPTION,PHASE_D"
IREDA.NS,55,"ABSORPTION,PHASE_D"
ITI.NS,55,"ABSORPTION,PHASE_D"
JAGSNPHARM.NS,55,"ABSORPTION,PHASE_D"
GRANULES.NS,55,"ABSORPTION,PHASE_D"
UGARSUGAR.NS,55,"ABSORPTION,PHASE_D"
UNITDSPR.NS,55,"ABSORPTION,PHASE_D"
VBL.NS,55,"ABSORPTION,PHASE_D"
JAYSREETEA.NS,55,"ABSORPTION,PHASE_D"
JGCHEM.NS,55,"ABSORPTION,PHASE_D"
JINDALSAW.NS,55,"ABSORPTION,PHASE_D"
GNA.NS,55,"ABSORPTION,PHASE_D"
GOKULAGRO.NS,55,"ABSORPTION,PHASE_D"
JKPAPER.NS,55,"ABSORPTION,PHASE_D"
JPPOWER.NS,55,"ABSORPTION,PHASE_D"
JSFB.NS,55,"ABSORPTION,PHASE_D"
JSWSTEEL.NS,55,"ABSORPTION,PHASE_D"
JYOTHYLAB.NS,55,"ABSORPTION,PHASE_D"
KAJARIACER.NS,55,"ABSORPTION,PHASE_D"
KAYNES.NS,55,"ABSORPTION,PHASE_D"
KCPSUGIND.NS,55,"ABSORPTION,PHASE_D"
GAEL.NS,55,"ABSORPTION,PHASE_D"
KMSUGAR.NS,55,"ABSORPTION,PHASE_D"
TIINDIA.NS,55,"ABSORPTION,PHASE_D"
TIPSMUSIC.NS,55,"ABSORPTION,PHASE_D"
TNPL.NS,55,"ABSORPTION,PHASE_D"
TORNTPOWER.NS,55,"ABSORPTION,PHASE_D"
TRANSRAILL.NS,55,"ABSORPTION,PHASE_D"
ANDHRSUGAR.NS,55,"ABSORPTION,PHASE_D"
ANURAS.NS,55,"ABSORPTION,PHASE_D"
APOLLOHOSP.NS,55,"ABSORPTION,PHASE_D"
TRENT.NS,55,"ABSORPTION,PHASE_D"
KPIGREEN.NS,55,"ABSORPTION,PHASE_D"
KRBL.NS,55,"ABSORPTION,PHASE_D"
KRITINUT.NS,55,"ABSORPTION,PHASE_D"
KSL.NS,55,"ABSORPTION,PHASE_D"
FEDFINA.NS,55,"ABSORPTION,PHASE_D"
SWSOLAR.NS,55,"ABSORPTION,PHASE_D"
TANLA.NS,55,"ABSORPTION,PHASE_D"
TATACONSUM.NS,55,"ABSORPTION,PHASE_D"
TATAINVEST.NS,55,"ABSORPTION,PHASE_D"
ARE&M.NS,55,"ABSORPTION,PHASE_D"
LALPATHLAB.NS,55,"ABSORPTION,PHASE_D"
LAURUSLABS.NS,55,"ABSORPTION,PHASE_D"
LLOYDSENGG.NS,55,"ABSORPTION,PHASE_D"
MAHABANK.NS,55,"ABSORPTION,PHASE_D"
EXICOM.NS,55,"ABSORPTION,PHASE_D"
EXIDEIND.NS,55,"ABSORPTION,PHASE_D"
MAHLOG.NS,55,"ABSORPTION,PHASE_D"
MANAKSTEEL.NS,55,"ABSORPTION,PHASE_D"
MANGLMCEM.NS,55,"ABSORPTION,PHASE_D"
MARINE.NS,55,"ABSORPTION,PHASE_D"
MAYURUNIQ.NS,55,"ABSORPTION,PHASE_D"
ELECON.NS,55,"ABSORPTION,PHASE_D"
ELGIEQUIP.NS,55,"ABSORPTION,PHASE_D"
ENGINERSIN.NS,55,"ABSORPTION,PHASE_D"
ENRIN.NS,55,"ABSORPTION,PHASE_D"
ASTERDM.NS,55,"ABSORPTION,PHASE_D"
SURANAT&P.NS,55,"ABSORPTION,PHASE_D"
SUZLON.NS,55,"ABSORPTION,PHASE_D"
MMFL.NS,55,"ABSORPTION,PHASE_D"
MOLDTKPAC.NS,55,"ABSORPTION,PHASE_D"
MOTHERSON.NS,55,"ABSORPTION,PHASE_D"
MUKANDLTD.NS,55,"ABSORPTION,PHASE_D"
NAM-INDIA.NS,55,"ABSORPTION,PHASE_D"
DHAMPURSUG.NS,55,"ABSORPTION,PHASE_D"
DIACABS.NS,55,"ABSORPTION,PHASE_D"
NCC.NS,55,"ABSORPTION,PHASE_D"
NEOGEN.NS,55,"ABSORPTION,PHASE_D"
NESTLEIND.NS,55,"ABSORPTION,PHASE_D"
NETWEB.NS,55,"ABSORPTION,PHASE_D"
STYLEBAAZA.NS,55,"ABSORPTION,PHASE_D"
AURUM.NS,55,"ABSORPTION,PHASE_D"
AVL.NS,55,"ABSORPTION,PHASE_D"
AXISCADES.NS,55,"ABSORPTION,PHASE_D"
AZAD.NS,55,"ABSORPTION,PHASE_D"
SUMICHEM.NS,55,"ABSORPTION,PHASE_D"
SUNFLAG.NS,55,"ABSORPTION,PHASE_D"
DCMSHRIRAM.NS,55,"ABSORPTION,PHASE_D"
DEEPAKNTR.NS,55,"ABSORPTION,PHASE_D"
DELHIVERY.NS,55,"ABSORPTION,PHASE_D"
NTPC.NS,55,"ABSORPTION,PHASE_D"
NUVAMA.NS,55,"ABSORPTION,PHASE_D"
OCCLLTD.NS,55,"ABSORPTION,PHASE_D"
OFSS.NS,55,"ABSORPTION,PHASE_D"
CUPID.NS,55,"ABSORPTION,PHASE_D"
CYIENTDLM.NS,55,"ABSORPTION,PHASE_D"
DATAPATTNS.NS,55,"ABSORPTION,PHASE_D"
OMAXE.NS,55,"ABSORPTION,PHASE_D"
SKIPPER.NS,55,"ABSORPTION,PHASE_D"
SPLPETRO.NS,55,"ABSORPTION,PHASE_D"
ONMOBILE.NS,55,"ABSORPTION,PHASE_D"
PAISALO.NS,55,"ABSORPTION,PHASE_D"
PANACEABIO.NS,55,"ABSORPTION,PHASE_D"
PARADEEP.NS,55,"ABSORPTION,PHASE_D"
PARAS.NS,55,"ABSORPTION,PHASE_D"
PNBHOUSING.NS,55,"ABSORPTION,PHASE_D"
CGPOWER.NS,55,"ABSORPTION,PHASE_D"
CHAMBLFERT.NS,55,"ABSORPTION,PHASE_D"
CHENNPETRO.NS,55,"ABSORPTION,PHASE_D"
PRAJIND.NS,55,"ABSORPTION,PHASE_D"
SCHAEFFLER.NS,55,"ABSORPTION,PHASE_D"
SCODATUBES.NS,55,"ABSORPTION,PHASE_D"
SDBL.NS,55,"ABSORPTION,PHASE_D"
SIEMENS.NS,55,"ABSORPTION,PHASE_D"
BALRAMCHIN.NS,55,"ABSORPTION,PHASE_D"
BCLIND.NS,55,"ABSORPTION,PHASE_D"
SJVN.NS,55,"ABSORPTION,PHASE_D"
PREMEXPLN.NS,55,"ABSORPTION,PHASE_D"
PRIMO.NS,55,"ABSORPTION,PHASE_D"
PRIVISCL.NS,55,"ABSORPTION,PHASE_D"
PROZONER.NS,55,"ABSORPTION,PHASE_D"
CEIGALL.NS,55,"ABSORPTION,PHASE_D"
RAYMOND.NS,55,"ABSORPTION,PHASE_D"
CANFINHOME.NS,55,"ABSORPTION,PHASE_D"
RENUKA.NS,55,"ABSORPTION,PHASE_D"
REPCOHOME.NS,55,"ABSORPTION,PHASE_D"
RISHABH.NS,55,"ABSORPTION,PHASE_D"
BHAGCHEM.NS,55,"ABSORPTION,PHASE_D"
BIKAJI.NS,55,"ABSORPTION,PHASE_D"
BIRLACABLE.NS,55,"ABSORPTION,PHASE_D"
BLACKBUCK.NS,55,"ABSORPTION,PHASE_D"
SANGHVIMOV.NS,55,"ABSORPTION,PHASE_D"
SANSERA.NS,55,"ABSORPTION,PHASE_D"
SARLAPOLY.NS,55,"ABSORPTION,PHASE_D"
SATIA.NS,55,"ABSORPTION,PHASE_D"
RKFORGE.NS,55,"ABSORPTION,PHASE_D"
RPOWER.NS,55,"ABSORPTION,PHASE_D"
BLISSGVS.NS,55,"ABSORPTION,PHASE_D"
BEML.NS,55,"ABSORPTION,PHASE_D"
3PLAND.NS,55,"ABSORPTION,PHASE_D"
5PAISA.NS,55,"ABSORPTION,PHASE_D"
AARTIDRUGS.NS,55,"ABSORPTION,PHASE_D"
WSTCSTPAPR.NS,55,"ABSORPTION,PHASE_D"
ZENTEC.NS,55,"ABSORPTION,PHASE_D"
ZIMLAB.NS,55,"ABSORPTION,PHASE_D"
HINDUNILVR.NS,55,"ABSORPTION,PHASE_D"
HINDZINC.NS,55,"ABSORPTION,PHASE_D"
WALCHANNAG.NS,55,"ABSORPTION,PHASE_D"
WELCORP.NS,55,"ABSORPTION,PHASE_D"
WELENT.NS,55,"ABSORPTION,PHASE_D"
HONASA.NS,40,"ABSORPTION,PHASE_D"
WOCKPHARMA.NS,40,"ABSORPTION,PHASE_D"
WHIRLPOOL.NS,40,"ABSORPTION,PHASE_D"
WHEELS.NS,40,"ABSORPTION,PHASE_D"
WEBELSOLAR.NS,40,"ABSORPTION,PHASE_D"
WABAG.NS,40,"ABSORPTION,PHASE_D"
WAAREEENER.NS,40,"ABSORPTION,PHASE_D"
VMM.NS,40,"ABSORPTION,PHASE_D"
ADANIGREEN.NS,40,"ABSORPTION,PHASE_D"
ADANIPORTS.NS,40,"ABSORPTION,PHASE_D"
ADANIPOWER.NS,40,"ABSORPTION,PHASE_D"
AGARWALEYE.NS,40,"ABSORPTION,PHASE_D"
AAVAS.NS,40,"ABSORPTION,PHASE_D"
ABB.NS,40,"ABSORPTION,PHASE_D"
ABCAPITAL.NS,40,"ABSORPTION,PHASE_D"
ABDL.NS,40,"ABSORPTION,PHASE_D"
IMFA.NS,40,"ABSORPTION,PHASE_D"
INDGN.NS,40,"ABSORPTION,PHASE_D"
INDIAGLYCO.NS,40,"ABSORPTION,PHASE_D"
INDIASHLTR.NS,40,"ABSORPTION,PHASE_D"
INDOBORAX.NS,40,"ABSORPTION,PHASE_D"
GRSE.NS,40,"ABSORPTION,PHASE_D"
GULPOLY.NS,40,"ABSORPTION,PHASE_D"
BHARATFORG.NS,40,"ABSORPTION,PHASE_D"
BHEL.NS,40,"ABSORPTION,PHASE_D"
BIRLAMONEY.NS,40,"ABSORPTION,PHASE_D"
SANDUMA.NS,40,"ABSORPTION,PHASE_D"
SANSTAR.NS,40,"ABSORPTION,PHASE_D"
SARDAEN.NS,40,"ABSORPTION,PHASE_D"
ROSSELLIND.NS,40,"ABSORPTION,PHASE_D"
RPTECH.NS,40,"ABSORPTION,PHASE_D"
SAIL.NS,40,"ABSORPTION,PHASE_D"
SAKAR.NS,40,"ABSORPTION,PHASE_D"
SAKHTISUG.NS,40,"ABSORPTION,PHASE_D"
SALSTEEL.NS,40,"ABSORPTION,PHASE_D"
SAMHI.NS,40,"ABSORPTION,PHASE_D"
BLSE.NS,40,"ABSORPTION,PHASE_D"
BODALCHEM.NS,40,"ABSORPTION,PHASE_D"
BORORENEW.NS,40,"ABSORPTION,PHASE_D"
RAINBOW.NS,40,"ABSORPTION,PHASE_D"
RAJOOENG.NS,40,"ABSORPTION,PHASE_D"
RAJSREESUG.NS,40,"ABSORPTION,PHASE_D"
RAMKY.NS,40,"ABSORPTION,PHASE_D"
RBA.NS,40,"ABSORPTION,PHASE_D"
RCF.NS,40,"ABSORPTION,PHASE_D"
RECLTD.NS,40,"ABSORPTION,PHASE_D"
REFEX.NS,40,"ABSORPTION,PHASE_D"
BRNL.NS,40,"ABSORPTION,PHASE_D"
BSE.NS,40,"ABSORPTION,PHASE_D"
CAMS.NS,40,"ABSORPTION,PHASE_D"
CARBORUNIV.NS,40,"ABSORPTION,PHASE_D"
RIIL.NS,40,"ABSORPTION,PHASE_D"
RITES.NS,40,"ABSORPTION,PHASE_D"
BEPL.NS,40,"ABSORPTION,PHASE_D"
BERGEPAINT.NS,40,"ABSORPTION,PHASE_D"
SBC.NS,40,"ABSORPTION,PHASE_D"
SBCL.NS,40,"ABSORPTION,PHASE_D"
SHRIPISTON.NS,40,"ABSORPTION,PHASE_D"
SHRIRAMPPS.NS,40,"ABSORPTION,PHASE_D"
BANSALWIRE.NS,40,"ABSORPTION,PHASE_D"
BDL.NS,40,"ABSORPTION,PHASE_D"
BELRISE.NS,40,"ABSORPTION,PHASE_D"
SIYSIL.NS,40,"ABSORPTION,PHASE_D"
PRAKASH.NS,40,"ABSORPTION,PHASE_D"
PRECWIRE.NS,40,"ABSORPTION,PHASE_D"
PRICOLLTD.NS,40,"ABSORPTION,PHASE_D"
QPOWER.NS,40,"ABSORPTION,PHASE_D"
QUADFUTURE.NS,40,"ABSORPTION,PHASE_D"
CASTROLIND.NS,40,"ABSORPTION,PHASE_D"
CENTURYPLY.NS,40,"ABSORPTION,PHASE_D"
CESC.NS,40,"ABSORPTION,PHASE_D"
COCHINSHIP.NS,40,"ABSORPTION,PHASE_D"
CONCOR.NS,40,"ABSORPTION,PHASE_D"
CROMPTON.NS,40,"ABSORPTION,PHASE_D"
PITTIENG.NS,40,"ABSORPTION,PHASE_D"
PNGJL.NS,40,"ABSORPTION,PHASE_D"
POLICYBZR.NS,40,"ABSORPTION,PHASE_D"
POLYMED.NS,40,"ABSORPTION,PHASE_D"
CGCL.NS,40,"ABSORPTION,PHASE_D"
CMSINFO.NS,40,"ABSORPTION,PHASE_D"
COASTCORP.NS,40,"ABSORPTION,PHASE_D"
POWERGRID.NS,40,"ABSORPTION,PHASE_D"
POWERINDIA.NS,40,"ABSORPTION,PHASE_D"
POWERMECH.NS,40,"ABSORPTION,PHASE_D"
PPL.NS,40,"ABSORPTION,PHASE_D"
PRAENG.NS,40,"ABSORPTION,PHASE_D"
SATIN.NS,40,"ABSORPTION,PHASE_D"
SPMLINFRA.NS,40,"ABSORPTION,PHASE_D"
BAJAJHFL.NS,40,"ABSORPTION,PHASE_D"
BAJAJHIND.NS,40,"ABSORPTION,PHASE_D"
BAJEL.NS,40,"ABSORPTION,PHASE_D"
BALAMINES.NS,40,"ABSORPTION,PHASE_D"
BALAXI.NS,40,"ABSORPTION,PHASE_D"
BALKRISHNA.NS,40,"ABSORPTION,PHASE_D"
BALMLAWRIE.NS,40,"ABSORPTION,PHASE_D"
STAR.NS,40,"ABSORPTION,PHASE_D"
ONEPOINT.NS,40,"ABSORPTION,PHASE_D"
ONESOURCE.NS,40,"ABSORPTION,PHASE_D"
ONGC.NS,40,"ABSORPTION,PHASE_D"
PAKKA.NS,40,"ABSORPTION,PHASE_D"
PAYTM.NS,40,"ABSORPTION,PHASE_D"
PFC.NS,40,"ABSORPTION,PHASE_D"
PHOENIXLTD.NS,40,"ABSORPTION,PHASE_D"
NIVABUPA.NS,40,"ABSORPTION,PHASE_D"
NMDC.NS,40,"ABSORPTION,PHASE_D"
NOCIL.NS,40,"ABSORPTION,PHASE_D"
NRL.NS,40,"ABSORPTION,PHASE_D"
NSLNISP.NS,40,"ABSORPTION,PHASE_D"
NTPCGREEN.NS,40,"ABSORPTION,PHASE_D"
OBEROIRLTY.NS,40,"ABSORPTION,PHASE_D"
CUMMINSIND.NS,40,"ABSORPTION,PHASE_D"
DALMIASUG.NS,40,"ABSORPTION,PHASE_D"
DBL.NS,40,"ABSORPTION,PHASE_D"
OLECTRA.NS,40,"ABSORPTION,PHASE_D"
SKYGOLD.NS,40,"ABSORPTION,PHASE_D"
SOLARINDS.NS,40,"ABSORPTION,PHASE_D"
SOLEX.NS,40,"ABSORPTION,PHASE_D"
SONACOMS.NS,40,"ABSORPTION,PHASE_D"
SPIC.NS,40,"ABSORPTION,PHASE_D"
STLTECH.NS,40,"ABSORPTION,PHASE_D"
STYLAMIND.NS,40,"ABSORPTION,PHASE_D"
AUROPHARMA.NS,40,"ABSORPTION,PHASE_D"
AVANTEL.NS,40,"ABSORPTION,PHASE_D"
AWHCL.NS,40,"ABSORPTION,PHASE_D"
AXISBANK.NS,40,"ABSORPTION,PHASE_D"
DCBBANK.NS,40,"ABSORPTION,PHASE_D"
DCXINDIA.NS,40,"ABSORPTION,PHASE_D"
DEEDEV.NS,40,"ABSORPTION,PHASE_D"
DEEPAKFERT.NS,40,"ABSORPTION,PHASE_D"
DEEPINDS.NS,40,"ABSORPTION,PHASE_D"
DENTA.NS,40,"ABSORPTION,PHASE_D"
NH.NS,40,"ABSORPTION,PHASE_D"
NHPC.NS,40,"ABSORPTION,PHASE_D"
NITCO.NS,40,"ABSORPTION,PHASE_D"
NITINSPIN.NS,40,"ABSORPTION,PHASE_D"
DYCL.NS,40,"ABSORPTION,PHASE_D"
MTARTECH.NS,40,"ABSORPTION,PHASE_D"
MWL.NS,40,"ABSORPTION,PHASE_D"
NATIONALUM.NS,40,"ABSORPTION,PHASE_D"
DHANBANK.NS,40,"ABSORPTION,PHASE_D"
DHARMAJ.NS,40,"ABSORPTION,PHASE_D"
DIFFNKG.NS,40,"ABSORPTION,PHASE_D"
DIGISPICE.NS,40,"ABSORPTION,PHASE_D"
DIXON.NS,40,"ABSORPTION,PHASE_D"
DLINKINDIA.NS,40,"ABSORPTION,PHASE_D"
DMART.NS,40,"ABSORPTION,PHASE_D"
DOLATALGO.NS,40,"ABSORPTION,PHASE_D"
NELCAST.NS,40,"ABSORPTION,PHASE_D"
STARHEALTH.NS,40,"ABSORPTION,PHASE_D"
STEELCAS.NS,40,"ABSORPTION,PHASE_D"
STERTOOLS.NS,40,"ABSORPTION,PHASE_D"
ASTEC.NS,40,"ABSORPTION,PHASE_D"
ASTRAMICRO.NS,40,"ABSORPTION,PHASE_D"
ATGL.NS,40,"ABSORPTION,PHASE_D"
ATHERENERG.NS,40,"ABSORPTION,PHASE_D"
AUBANK.NS,40,"ABSORPTION,PHASE_D"
SURYODAY.NS,40,"ABSORPTION,PHASE_D"
SUTLEJTEX.NS,40,"ABSORPTION,PHASE_D"
SUVEN.NS,40,"ABSORPTION,PHASE_D"
MEDPLUS.NS,40,"ABSORPTION,PHASE_D"
MENONBE.NS,40,"ABSORPTION,PHASE_D"
MIDHANI.NS,40,"ABSORPTION,PHASE_D"
MOIL.NS,40,"ABSORPTION,PHASE_D"
MONARCH.NS,40,"ABSORPTION,PHASE_D"
MOSCHIP.NS,40,"ABSORPTION,PHASE_D"
MOTILALOFS.NS,40,"ABSORPTION,PHASE_D"
MSPL.NS,40,"ABSORPTION,PHASE_D"
FACT.NS,40,"ABSORPTION,PHASE_D"
MAHSEAMLES.NS,40,"ABSORPTION,PHASE_D"
MANINDS.NS,40,"ABSORPTION,PHASE_D"
MANKIND.NS,40,"ABSORPTION,PHASE_D"
MANORAMA.NS,40,"ABSORPTION,PHASE_D"
MARATHON.NS,40,"ABSORPTION,PHASE_D"
MAWANASUG.NS,40,"ABSORPTION,PHASE_D"
MAZDOCK.NS,40,"ABSORPTION,PHASE_D"
EMIL.NS,40,"ABSORPTION,PHASE_D"
ENTERO.NS,40,"ABSORPTION,PHASE_D"
MCX.NS,40,"ABSORPTION,PHASE_D"
SUNTV.NS,40,"ABSORPTION,PHASE_D"
ASIANENE.NS,40,"ABSORPTION,PHASE_D"
ASIANPAINT.NS,40,"ABSORPTION,PHASE_D"
ASIANTILES.NS,40,"ABSORPTION,PHASE_D"
ASKAUTOLTD.NS,40,"ABSORPTION,PHASE_D"
TARSONS.NS,40,"ABSORPTION,PHASE_D"
TATAPOWER.NS,40,"ABSORPTION,PHASE_D"
TATASTEEL.NS,40,"ABSORPTION,PHASE_D"
TDPOWERSYS.NS,40,"ABSORPTION,PHASE_D"
ARVIND.NS,40,"ABSORPTION,PHASE_D"
ARVSMART.NS,40,"ABSORPTION,PHASE_D"
TECHNOE.NS,40,"ABSORPTION,PHASE_D"
TEMBO.NS,40,"ABSORPTION,PHASE_D"
TEXINFRA.NS,40,"ABSORPTION,PHASE_D"
THEMISMED.NS,40,"ABSORPTION,PHASE_D"
LICHSGFIN.NS,40,"ABSORPTION,PHASE_D"
LINDEINDIA.NS,40,"ABSORPTION,PHASE_D"
LLOYDSENT.NS,40,"ABSORPTION,PHASE_D"
LLOYDSME.NS,40,"ABSORPTION,PHASE_D"
LUXIND.NS,40,"ABSORPTION,PHASE_D"
EPIGRAL.NS,40,"ABSORPTION,PHASE_D"
ANGELONE.NS,40,"ABSORPTION,PHASE_D"
APARINDS.NS,40,"ABSORPTION,PHASE_D"
APOLLO.NS,40,"ABSORPTION,PHASE_D"
APTECHT.NS,40,"ABSORPTION,PHASE_D"
KOTHARIPET.NS,40,"ABSORPTION,PHASE_D"
KPEL.NS,40,"ABSORPTION,PHASE_D"
KPIL.NS,40,"ABSORPTION,PHASE_D"
KRISHANA.NS,40,"ABSORPTION,PHASE_D"
KSB.NS,40,"ABSORPTION,PHASE_D"
KSCL.NS,40,"ABSORPTION,PHASE_D"
FEDERALBNK.NS,40,"ABSORPTION,PHASE_D"
FINCABLES.NS,40,"ABSORPTION,PHASE_D"
FLAIR.NS,40,"ABSORPTION,PHASE_D"
FOCUS.NS,40,"ABSORPTION,PHASE_D"
KTKBANK.NS,40,"ABSORPTION,PHASE_D"
SYRMA.NS,40,"ABSORPTION,PHASE_D"
GLOBUSSPR.NS,40,"ABSORPTION,PHASE_D"
KAMDHENU.NS,40,"ABSORPTION,PHASE_D"
KCP.NS,40,"ABSORPTION,PHASE_D"
KIOCL.NS,40,"ABSORPTION,PHASE_D"
GABRIEL.NS,40,"ABSORPTION,PHASE_D"
GAIL.NS,40,"ABSORPTION,PHASE_D"
GENUSPOWER.NS,40,"ABSORPTION,PHASE_D"
KIRLOSENG.NS,40,"ABSORPTION,PHASE_D"
KIRLPNU.NS,40,"ABSORPTION,PHASE_D"
KOKUYOCMLN.NS,40,"ABSORPTION,PHASE_D"
KOLTEPATIL.NS,40,"ABSORPTION,PHASE_D"
KOPRAN.NS,40,"ABSORPTION,PHASE_D"
KOTARISUG.NS,40,"ABSORPTION,PHASE_D"
TI.NS,40,"ABSORPTION,PHASE_D"
TITAN.NS,40,"ABSORPTION,PHASE_D"
ANANDRATHI.NS,40,"ABSORPTION,PHASE_D"
JINDALSTEL.NS,40,"ABSORPTION,PHASE_D"
GNFC.NS,40,"ABSORPTION,PHASE_D"
GOCLCORP.NS,40,"ABSORPTION,PHASE_D"
GODREJPROP.NS,40,"ABSORPTION,PHASE_D"
JKCEMENT.NS,40,"ABSORPTION,PHASE_D"
JNKINDIA.NS,40,"ABSORPTION,PHASE_D"
JSL.NS,40,"ABSORPTION,PHASE_D"
JSWENERGY.NS,40,"ABSORPTION,PHASE_D"
JSWINFRA.NS,40,"ABSORPTION,PHASE_D"
JTLIND.NS,40,"ABSORPTION,PHASE_D"
GESHIP.NS,40,"ABSORPTION,PHASE_D"
GFLLIMITED.NS,40,"ABSORPTION,PHASE_D"
GHCL.NS,40,"ABSORPTION,PHASE_D"
GICRE.NS,40,"ABSORPTION,PHASE_D"
GIPCL.NS,40,"ABSORPTION,PHASE_D"
GLENMARK.NS,40,"ABSORPTION,PHASE_D"
UNIMECH.NS,40,"ABSORPTION,PHASE_D"
USHAMART.NS,40,"ABSORPTION,PHASE_D"
UTIAMC.NS,40,"ABSORPTION,PHASE_D"
AGIIL.NS,40,"ABSORPTION,PHASE_D"
AHLUCONT.NS,40,"ABSORPTION,PHASE_D"
AIAENG.NS,40,"ABSORPTION,PHASE_D"
AJAXENGG.NS,40,"ABSORPTION,PHASE_D"
AKUMS.NS,40,"ABSORPTION,PHASE_D"
ALIVUS.NS,40,"ABSORPTION,PHASE_D"
ALKYLAMINE.NS,40,"ABSORPTION,PHASE_D"
ALMONDZ.NS,40,"ABSORPTION,PHASE_D"
VALIANTLAB.NS,40,"ABSORPTION,PHASE_D"
JAICORPLTD.NS,40,"ABSORPTION,PHASE_D"
JASH.NS,40,"ABSORPTION,PHASE_D"
JAYNECOIND.NS,40,"ABSORPTION,PHASE_D"
JBMA.NS,40,"ABSORPTION,PHASE_D"
GVT&D.NS,40,"ABSORPTION,PHASE_D"
HAL.NS,40,"ABSORPTION,PHASE_D"
IONEXCHANG.NS,40,"ABSORPTION,PHASE_D"
IRB.NS,40,"ABSORPTION,PHASE_D"
IRISDOREME.NS,40,"ABSORPTION,PHASE_D"
ISGEC.NS,40,"ABSORPTION,PHASE_D"
J&KBANK.NS,40,"ABSORPTION,PHASE_D"
JAGRAN.NS,40,"ABSORPTION,PHASE_D"
GOODLUCK.NS,40,"ABSORPTION,PHASE_D"
GPIL.NS,40,"ABSORPTION,PHASE_D"
GPTHEALTH.NS,40,"ABSORPTION,PHASE_D"
GRAPHITE.NS,40,"ABSORPTION,PHASE_D"
GREENPLY.NS,40,"ABSORPTION,PHASE_D"
GRMOVER.NS,40,"ABSORPTION,PHASE_D"
JAIBALAJI.NS,40,"ABSORPTION,PHASE_D"
TRIVENI.NS,40,"ABSORPTION,PHASE_D"
ADANIENT.NS,40,"ABSORPTION,PHASE_D"
HPL.NS,40,"ABSORPTION,PHASE_D"
HSCL.NS,40,"ABSORPTION,PHASE_D"
HTMEDIA.NS,40,"ABSORPTION,PHASE_D"
HUDCO.NS,40,"ABSORPTION,PHASE_D"
ICICIBANK.NS,40,"ABSORPTION,PHASE_D"
HDFCAMC.NS,40,"ABSORPTION,PHASE_D"
HEG.NS,40,"ABSORPTION,PHASE_D"
HERITGFOOD.NS,40,"ABSORPTION,PHASE_D"
IGPL.NS,40,"ABSORPTION,PHASE_D"
VEDL.NS,40,"ABSORPTION,PHASE_D"
VENUSPIPES.NS,40,"ABSORPTION,PHASE_D"
VGUARD.NS,40,"ABSORPTION,PHASE_D"
VIJAYA.NS,40,"ABSORPTION,PHASE_D"
VISHNU.NS,40,"ABSORPTION,PHASE_D"
VMART.NS,40,"ABSORPTION,PHASE_D"
BOSCHLTD.NS,40,"ABSORPTION,PHASE_D"
BRIGADE.NS,40,"ABSORPTION,PHASE_D"
3IINFOLTD.NS,40,"ABSORPTION,PHASE_D"
AADHARHFC.NS,40,"ABSORPTION,PHASE_D"
AAREYDRUGS.NS,40,"ABSORPTION,PHASE_D"
AARTIIND.NS,40,"ABSORPTION,PHASE_D"
ZUARIIND.NS,40,"ABSORPTION,PHASE_D"
ZYDUSLIFE.NS,40,"ABSORPTION,PHASE_D"
HINDALCO.NS,40,"ABSORPTION,PHASE_D"
HIRECT.NS,40,"ABSORPTION,PHASE_D"
ABREL.NS,40,"ABSORPTION,PHASE_D"
ABSLAMC.NS,40,"ABSORPTION,PHASE_D"
ACE.NS,40,"ABSORPTION,PHASE_D"
ACI.NS,40,"ABSORPTION,PHASE_D"
ACMESOLAR.NS,40,"ABSORPTION,PHASE_D"
ADANIENSOL.NS,40,"ABSORPTION,PHASE_D"
TCS.NS,35,ABSORPTION
JKLAKSHMI.NS,35,ABSORPTION
AQYLON.NS,35,ABSORPTION
NORTHARC.NS,35,ABSORPTION
KARURVYSYA.NS,35,ABSORPTION
ROLEXRINGS.NS,35,ABSORPTION
KAMATHOTEL.NS,35,ABSORPTION
NAVKARCORP.NS,35,ABSORPTION
JUSTDIAL.NS,35,ABSORPTION
JUBLINGREA.NS,35,ABSORPTION
NYKAA.NS,35,ABSORPTION
SURYAROSNI.NS,35,ABSORPTION
NDTV.NS,35,ABSORPTION
FUSION.NS,35,ABSORPTION
FSL.NS,35,ABSORPTION
EIDPARRY.NS,35,ABSORPTION
KILITCH.NS,35,ABSORPTION
TARIL.NS,35,ABSORPTION
KERNEX.NS,35,ABSORPTION
MUFIN.NS,35,ABSORPTION
TATACOMM.NS,35,ABSORPTION
JUBLFOOD.NS,35,ABSORPTION
TPLPLASTEH.NS,35,ABSORPTION
GPTINFRA.NS,35,ABSORPTION
APOLLOPIPE.NS,35,ABSORPTION
ITC.NS,35,ABSORPTION
IRMENERGY.NS,35,ABSORPTION
IRFC.NS,35,ABSORPTION
RVNL.NS,35,ABSORPTION
TECHM.NS,35,ABSORPTION
DELTACORP.NS,35,ABSORPTION
GMRP&UI.NS,35,ABSORPTION
RPPINFRA.NS,35,ABSORPTION
DEVIT.NS,35,ABSORPTION
JISLJALEQS.NS,35,ABSORPTION
JIOFIN.NS,35,ABSORPTION
DEVYANI.NS,35,ABSORPTION
THANGAMAYL.NS,35,ABSORPTION
JETFREIGHT.NS,35,ABSORPTION
RSYSTEMS.NS,35,ABSORPTION
TATAELXSI.NS,35,ABSORPTION
GICHSGFIN.NS,35,ABSORPTION
GHCLTEXTIL.NS,35,ABSORPTION
JTEKTINDIA.NS,35,ABSORPTION
DEN.NS,35,ABSORPTION
SERVOTECH.NS,35,ABSORPTION
MOREPENLAB.NS,35,ABSORPTION
SENORES.NS,35,ABSORPTION
SILGO.NS,35,ABSORPTION
SILVERTUC.NS,35,ABSORPTION
BECTORFOOD.NS,35,ABSORPTION
MAHEPC.NS,35,ABSORPTION
MAANALU.NS,35,ABSORPTION
SJS.NS,35,ABSORPTION
MCLOUD.NS,35,ABSORPTION
AWL.NS,35,ABSORPTION
MASFIN.NS,35,ABSORPTION
SOBHA.NS,35,ABSORPTION
MAPMYINDIA.NS,35,ABSORPTION
BANKINDIA.NS,35,ABSORPTION
MANINFRA.NS,35,ABSORPTION
EMAMILTD.NS,35,ABSORPTION
MANAPPURAM.NS,35,ABSORPTION
MANAKCOAT.NS,35,ABSORPTION
FCL.NS,35,ABSORPTION
EVEREADY.NS,35,ABSORPTION
SIGIND.NS,35,ABSORPTION
MASTEK.NS,35,ABSORPTION
SAILIFE.NS,35,ABSORPTION
SUDARSCHEM.NS,35,ABSORPTION
MUKKA.NS,35,ABSORPTION
MUNJALAU.NS,35,ABSORPTION
MUTHOOTMF.NS,35,ABSORPTION
SUNTECK.NS,35,ABSORPTION
SUPRIYA.NS,35,ABSORPTION
SURANASOL.NS,35,ABSORPTION
SBILIFE.NS,35,ABSORPTION
FORTIS.NS,35,ABSORPTION
MOBIKWIK.NS,35,ABSORPTION
MSUMI.NS,35,ABSORPTION
DOMS.NS,35,ABSORPTION
STCINDIA.NS,35,ABSORPTION
BIGBLOC.NS,35,ABSORPTION
DWARKESH.NS,35,ABSORPTION
ECLERX.NS,35,ABSORPTION
EDELWEISS.NS,35,ABSORPTION
SPANDANA.NS,35,ABSORPTION
SHARDACROP.NS,35,ABSORPTION
SFL.NS,35,ABSORPTION
MMTC.NS,35,ABSORPTION
MPHASIS.NS,35,ABSORPTION
BRITANNIA.NS,35,ABSORPTION
PENINLAND.NS,35,ABSORPTION
CAMLINFINE.NS,35,ABSORPTION
V2RETAIL.NS,35,ABSORPTION
IGARASHI.NS,35,ABSORPTION
UNOMINDA.NS,35,ABSORPTION
IIFLCAPS.NS,35,ABSORPTION
UNIVASTU.NS,35,ABSORPTION
UNIONBANK.NS,35,ABSORPTION
VINEETLAB.NS,35,ABSORPTION
PARAGMILK.NS,35,ABSORPTION
CUB.NS,35,ABSORPTION
CSBBANK.NS,35,ABSORPTION
COSMOFIRST.NS,35,ABSORPTION
RAJRATAN.NS,35,ABSORPTION
GRWRHITECH.NS,35,ABSORPTION
COFORGE.NS,35,ABSORPTION
ZENSARTECH.NS,35,ABSORPTION
ZUARI.NS,35,ABSORPTION
CIEINDIA.NS,35,ABSORPTION
WELSPUNLIV.NS,35,ABSORPTION
HIMATSEIDE.NS,35,ABSORPTION
WAAREERTL.NS,35,ABSORPTION
POONAWALLA.NS,35,ABSORPTION
CARYSIL.NS,35,ABSORPTION
PNCINFRA.NS,35,ABSORPTION
CDSL.NS,35,ABSORPTION
CENTRALBK.NS,35,ABSORPTION
CIGNITITEC.NS,35,ABSORPTION
AAATECH.NS,35,ABSORPTION
CLEAN.NS,35,ABSORPTION
HAVELLS.NS,35,ABSORPTION
INTELLECT.NS,35,ABSORPTION
NUVOCO.NS,35,ABSORPTION
INOXWIND.NS,35,ABSORPTION
ORIENTPPR.NS,35,ABSORPTION
INDIANHUME.NS,35,ABSORPTION
OPTIEMUS.NS,35,ABSORPTION
RHIM.NS,35,ABSORPTION
RRKABEL.NS,35,ABSORPTION
ORIENTELEC.NS,35,ABSORPTION
SHAKTIPUMP.NS,20,ABSORPTION
SHALBY.NS,20,ABSORPTION
SHALPAINTS.NS,20,ABSORPTION
CARERATING.NS,20,ABSORPTION
BANCOINDIA.NS,20,ABSORPTION
SHARDAMOTR.NS,20,ABSORPTION
SHAREINDIA.NS,20,ABSORPTION
SHILPAMED.NS,20,ABSORPTION
SHIVALIK.NS,20,ABSORPTION
CAPLIPOINT.NS,20,ABSORPTION
SHIVAMAUTO.NS,20,ABSORPTION
SHK.NS,20,ABSORPTION
BHAGYANGR.NS,20,ABSORPTION
BHARATSE.NS,20,ABSORPTION
BHARATWIRE.NS,20,ABSORPTION
PTC.NS,20,ABSORPTION
RKEC.NS,20,ABSORPTION
BHARTIHEXA.NS,20,ABSORPTION
BIRLACORPN.NS,20,ABSORPTION
SAPPHIRE.NS,20,ABSORPTION
RAMRAT.NS,20,ABSORPTION
RAMCOSYS.NS,20,ABSORPTION
SAREGAMA.NS,20,ABSORPTION
SAURASHCEM.NS,20,ABSORPTION
RAMCOIND.NS,20,ABSORPTION
CLSEL.NS,20,ABSORPTION
PPLPHARMA.NS,20,ABSORPTION
RITCO.NS,20,ABSORPTION
CIPLA.NS,20,ABSORPTION
CIFL.NS,20,ABSORPTION
BANKBARODA.NS,20,ABSORPTION
RESPONIND.NS,20,ABSORPTION
CENTEXT.NS,20,ABSORPTION
CELLO.NS,20,ABSORPTION
BANDHANBNK.NS,20,ABSORPTION
BASML.NS,20,ABSORPTION
BATAINDIA.NS,20,ABSORPTION
CEATLTD.NS,20,ABSORPTION
REMSONSIND.NS,20,ABSORPTION
BBOX.NS,20,ABSORPTION
CCL.NS,20,ABSORPTION
CCCL.NS,20,ABSORPTION
PURVA.NS,20,ABSORPTION
BBTC.NS,20,ABSORPTION
RICOAUTO.NS,20,ABSORPTION
CARTRADE.NS,20,ABSORPTION
SEAMECLTD.NS,20,ABSORPTION
RGL.NS,20,ABSORPTION
SENCO.NS,20,ABSORPTION
CARRARO.NS,20,ABSORPTION
QUESS.NS,20,ABSORPTION
RELIGARE.NS,20,ABSORPTION
PVSL.NS,20,ABSORPTION
PVRINOX.NS,20,ABSORPTION
SBFC.NS,20,ABSORPTION
RELIANCE.NS,20,ABSORPTION
PVP.NS,20,ABSORPTION
RELTD.NS,20,ABSORPTION
BLUESTARCO.NS,20,ABSORPTION
RAYMONDLSL.NS,20,ABSORPTION
CENTUM.NS,20,ABSORPTION
BLUSPRING.NS,20,ABSORPTION
BOMDYEING.NS,20,ABSORPTION
BOROLTD.NS,20,ABSORPTION
CANTABIL.NS,20,ABSORPTION
BOROSCI.NS,20,ABSORPTION
BPCL.NS,20,ABSORPTION
BPL.NS,20,ABSORPTION
RBLBANK.NS,20,ABSORPTION
CANBK.NS,20,ABSORPTION
CAMPUS.NS,20,ABSORPTION
ROSSARI.NS,20,ABSORPTION
RAMCOCEM.NS,20,ABSORPTION
ROTO.NS,20,ABSORPTION
RBZJEWEL.NS,20,ABSORPTION
BSOFT.NS,20,ABSORPTION
BSHSL.NS,20,ABSORPTION
ROUTE.NS,20,ABSORPTION
RUSHIL.NS,20,ABSORPTION
RELIABLE.NS,20,ABSORPTION
RPPL.NS,20,ABSORPTION
RUPA.NS,20,ABSORPTION
RELAXO.NS,20,ABSORPTION
REDTAPE.NS,20,ABSORPTION
RPSGVENT.NS,20,ABSORPTION
BALUFORGE.NS,20,ABSORPTION
REDINGTON.NS,20,ABSORPTION
RTNINDIA.NS,20,ABSORPTION
ROSSTECH.NS,20,ABSORPTION
SBGLP.NS,20,ABSORPTION
SBICARD.NS,20,ABSORPTION
RAMAPHO.NS,20,ABSORPTION
RAMANEWS.NS,20,ABSORPTION
SBIN.NS,20,ABSORPTION
SCI.NS,20,ABSORPTION
CAPITALSFB.NS,20,ABSORPTION
SCILAL.NS,20,ABSORPTION
RALLIS.NS,20,ABSORPTION
SAGCEM.NS,20,ABSORPTION
CAPACITE.NS,20,ABSORPTION
SAGILITY.NS,20,ABSORPTION
SAFARI.NS,20,ABSORPTION
RAIN.NS,20,ABSORPTION
CEWATER.NS,20,ABSORPTION
RKSWAMY.NS,20,ABSORPTION
RUSTOMJEE.NS,20,ABSORPTION
RADICO.NS,20,ABSORPTION
ROHLTD.NS,20,ABSORPTION
RADIANTCMS.NS,20,ABSORPTION
RATEGAIN.NS,20,ABSORPTION
SAKSOFT.NS,20,ABSORPTION
SALZERELEC.NS,20,ABSORPTION
SANDHAR.NS,20,ABSORPTION
RADHIKAJWE.NS,20,ABSORPTION
BLKASHYAP.NS,20,ABSORPTION
QUICKHEAL.NS,20,ABSORPTION
RATNAVEER.NS,20,ABSORPTION
BLS.NS,20,ABSORPTION
BLUEJET.NS,20,ABSORPTION
RAILTEL.NS,20,ABSORPTION
UFO.NS,20,ABSORPTION
UFLEX.NS,20,ABSORPTION
UDS.NS,20,ABSORPTION
UCOBANK.NS,20,ABSORPTION
TVTODAY.NS,20,ABSORPTION
TVSMOTOR.NS,20,ABSORPTION
TVSELECT.NS,20,ABSORPTION
TTML.NS,20,ABSORPTION
TTKPRESTIG.NS,20,ABSORPTION
TRITURBINE.NS,20,ABSORPTION
BAJAJHCARE.NS,20,ABSORPTION
TRIDENT.NS,20,ABSORPTION
AMBER.NS,20,ABSORPTION
ALKEM.NS,20,ABSORPTION
ALEMBICLTD.NS,20,ABSORPTION
AJMERA.NS,20,ABSORPTION
AIRAN.NS,20,ABSORPTION
AIIL.NS,20,ABSORPTION
AGI.NS,20,ABSORPTION
UTTAMSUGAR.NS,20,ABSORPTION
UPL.NS,20,ABSORPTION
TRIGYN.NS,20,ABSORPTION
TEXMOPIPES.NS,20,ABSORPTION
TEGA.NS,20,ABSORPTION
ASHOKLEY.NS,20,ABSORPTION
ASHOKA.NS,20,ABSORPTION
ASHIMASYN.NS,20,ABSORPTION
APTUS.NS,20,ABSORPTION
APOLLOTYRE.NS,20,ABSORPTION
APLLTD.NS,20,ABSORPTION
APLAPOLLO.NS,20,ABSORPTION
APEX.NS,20,ABSORPTION
UGROCAP.NS,20,ABSORPTION
ANANTRAJ.NS,20,ABSORPTION
TREL.NS,20,ABSORPTION
TRACXN.NS,20,ABSORPTION
TOLINS.NS,20,ABSORPTION
TNPETRO.NS,20,ABSORPTION
TMB.NS,20,ABSORPTION
TITAGARH.NS,20,ABSORPTION
TIRUMALCHM.NS,20,ABSORPTION
UNIECOM.NS,20,ABSORPTION
ULTRACEMCO.NS,20,ABSORPTION
UJJIVANSFB.NS,20,ABSORPTION
ANDHRAPAP.NS,20,ABSORPTION
ACUTAAS.NS,20,ABSORPTION
ACC.NS,20,ABSORPTION
ABLBL.NS,20,ABSORPTION
ABFRL.NS,20,ABSORPTION
AGARIND.NS,20,ABSORPTION
AFFLE.NS,20,ABSORPTION
HPAL.NS,20,ABSORPTION
AMBUJACEM.NS,20,ABSORPTION
YESBANK.NS,20,ABSORPTION
YATRA.NS,20,ABSORPTION
UNIVCABLES.NS,20,ABSORPTION
XTGLOBAL.NS,20,ABSORPTION
XCHANGING.NS,20,ABSORPTION
WSI.NS,20,ABSORPTION
WONDERLA.NS,20,ABSORPTION
AARTIPHARM.NS,20,ABSORPTION
AARTECH.NS,20,ABSORPTION
AARON.NS,20,ABSORPTION
63MOONS.NS,20,ABSORPTION
3MINDIA.NS,20,ABSORPTION
AFCONS.NS,20,ABSORPTION
YATHARTH.NS,20,ABSORPTION
UNITEDPOLY.NS,20,ABSORPTION
UNIPARTS.NS,20,ABSORPTION
VINATIORGA.NS,20,ABSORPTION
VIMTALABS.NS,20,ABSORPTION
VGL.NS,20,ABSORPTION
VESUVIUS.NS,20,ABSORPTION
VERTOZ.NS,20,ABSORPTION
VERANDA.NS,20,ABSORPTION
VENTIVE.NS,20,ABSORPTION
VENKEYS.NS,20,ABSORPTION
WCIL.NS,20,ABSORPTION
VASCONEQ.NS,20,ABSORPTION
VARROC.NS,20,ABSORPTION
VARDHACRLC.NS,20,ABSORPTION
VALIANTORG.NS,20,ABSORPTION
VAIBHAVGBL.NS,20,ABSORPTION
ZYDUSWELL.NS,20,ABSORPTION
20MICRONS.NS,20,ABSORPTION
WIPRO.NS,20,ABSORPTION
WINDMACHIN.NS,20,ABSORPTION
WESTLIFE.NS,20,ABSORPTION
WEL.NS,20,ABSORPTION
VASWANI.NS,20,ABSORPTION
BAJAJCON.NS,20,ABSORPTION
BAJAJ-AUTO.NS,20,ABSORPTION
SPENCERS.NS,20,ABSORPTION
SPARC.NS,20,ABSORPTION
SOUTHWEST.NS,20,ABSORPTION
SOUTHBANK.NS,20,ABSORPTION
SONATSOFTW.NS,20,ABSORPTION
SOLARA.NS,20,ABSORPTION
AWFIS.NS,20,ABSORPTION
AVTNPL.NS,20,ABSORPTION
TEXRAIL.NS,20,ABSORPTION
AVANTIFEED.NS,20,ABSORPTION
AVALON.NS,20,ABSORPTION
AVADHSUGAR.NS,20,ABSORPTION
AUTOIND.NS,20,ABSORPTION
STOVEKRAFT.NS,20,ABSORPTION
STARCEMENT.NS,20,ABSORPTION
STANLEY.NS,20,ABSORPTION
STALLION.NS,20,ABSORPTION
SSWL.NS,20,ABSORPTION
SRM.NS,20,ABSORPTION
AVG.NS,20,ABSORPTION
SIGACHI.NS,20,ABSORPTION
SHRIRAMFIN.NS,20,ABSORPTION
SHREEPUSHK.NS,20,ABSORPTION
SHREDIGCEM.NS,20,ABSORPTION
SHOPERSTOP.NS,20,ABSORPTION
SNOWMAN.NS,20,ABSORPTION
SMSPHARMA.NS,20,ABSORPTION
SMCGLOBAL.NS,20,ABSORPTION
SKMEGGPROD.NS,20,ABSORPTION
SIS.NS,20,ABSORPTION
BAJAJELEC.NS,20,ABSORPTION
SINDHUTRAD.NS,20,ABSORPTION
SIMPLEXINF.NS,20,ABSORPTION
SIGNATURE.NS,20,ABSORPTION
SIGMA.NS,20,ABSORPTION
BEL.NS,20,ABSORPTION
BALKRISIND.NS,20,ABSORPTION
BALAJITELE.NS,20,ABSORPTION
BALAJEE.NS,20,ABSORPTION
BAJFINANCE.NS,20,ABSORPTION
PRABHA.NS,20,ABSORPTION
BAJAJFINSV.NS,20,ABSORPTION
SIRCA.NS,20,ABSORPTION
ATLANTAA.NS,20,ABSORPTION
ATL.NS,20,ABSORPTION
ASHIANA.NS,20,ABSORPTION
ASHAPURMIN.NS,20,ABSORPTION
ASAHIINDIA.NS,20,ABSORPTION
ARVINDFASN.NS,20,ABSORPTION
ARTEMISMED.NS,20,ABSORPTION
ARROWGREEN.NS,20,ABSORPTION
ARKADE.NS,20,ABSORPTION
ARIHANTSUP.NS,20,ABSORPTION
SRF.NS,20,ABSORPTION
TBZ.NS,20,ABSORPTION
TBOTEK.NS,20,ABSORPTION
TATATECH.NS,20,ABSORPTION
TIMETECHNO.NS,20,ABSORPTION
TIL.NS,20,ABSORPTION
THYROCARE.NS,20,ABSORPTION
THOMASCOOK.NS,20,ABSORPTION
THERMAX.NS,20,ABSORPTION
THELEELA.NS,20,ABSORPTION
TFCILTD.NS,20,ABSORPTION
ARIHANTCAP.NS,20,ABSORPTION
SPORTKING.NS,20,ABSORPTION
ATALREAL.NS,20,ABSORPTION
ASTRAL.NS,20,ABSORPTION
SURAJLTD.NS,20,ABSORPTION
SURAJEST.NS,20,ABSORPTION
SUPRAJIT.NS,20,ABSORPTION
SUNDRMFAST.NS,20,ABSORPTION
SUNDARMFIN.NS,20,ABSORPTION
SUMIT.NS,20,ABSORPTION
SUMEETINDS.NS,20,ABSORPTION
ATULAUTO.NS,20,ABSORPTION
SUBROS.NS,20,ABSORPTION
TATACHEM.NS,20,ABSORPTION
TARC.NS,20,ABSORPTION
TARACHAND.NS,20,ABSORPTION
TALBROAUTO.NS,20,ABSORPTION
TAJGVK.NS,20,ABSORPTION
SYNGENE.NS,20,ABSORPTION
SYMPHONY.NS,20,ABSORPTION
SWIGGY.NS,20,ABSORPTION
SWANCORP.NS,20,ABSORPTION
AURIONPRO.NS,20,ABSORPTION
SULA.NS,20,ABSORPTION
JSLL.NS,20,ABSORPTION
JMFINANCIL.NS,20,ABSORPTION
JKTYRE.NS,20,ABSORPTION
JKIL.NS,20,ABSORPTION
GOLDIAM.NS,20,ABSORPTION
GOKEX.NS,20,ABSORPTION
KECL.NS,20,ABSORPTION
KEC.NS,20,ABSORPTION
KANSAINER.NS,20,ABSORPTION
KALYANKJIL.NS,20,ABSORPTION
360ONE.NS,20,ABSORPTION
KALAMANDIR.NS,20,ABSORPTION
JYOTICNC.NS,20,ABSORPTION
JWL.NS,20,ABSORPTION
JUNIPER.NS,20,ABSORPTION
JUBLPHARMA.NS,20,ABSORPTION
GMDCLTD.NS,20,ABSORPTION
GANESHBE.NS,20,ABSORPTION
GANECOS.NS,20,ABSORPTION
GANDHAR.NS,20,ABSORPTION
GALLANTT.NS,20,ABSORPTION
KALPATARU.NS,20,ABSORPTION
IXIGO.NS,20,ABSORPTION
ITDC.NS,20,ABSORPTION
ITCHOTELS.NS,20,ABSORPTION
IRCTC.NS,20,ABSORPTION
GODREJIND.NS,20,ABSORPTION
GODREJCP.NS,20,ABSORPTION
GODREJAGRO.NS,20,ABSORPTION
GODFRYPHLP.NS,20,ABSORPTION
GODAVARIB.NS,20,ABSORPTION
GOCOLORS.NS,20,ABSORPTION
GEOJITFSL.NS,20,ABSORPTION
GMMPFAUDLR.NS,20,ABSORPTION
JINDWORLD.NS,20,ABSORPTION
JINDRILL.NS,20,ABSORPTION
JAYBARMARU.NS,20,ABSORPTION
JAMNAAUTO.NS,20,ABSORPTION
GLOBECIVIL.NS,20,ABSORPTION
GLOBAL.NS,20,ABSORPTION
GLAND.NS,20,ABSORPTION
GINNIFILA.NS,20,ABSORPTION
GICL.NS,20,ABSORPTION
GMRAIRPORT.NS,20,ABSORPTION
GARFIBRES.NS,20,ABSORPTION
FORCEMOT.NS,20,ABSORPTION
FOODSIN.NS,20,ABSORPTION
FMGOETZE.NS,20,ABSORPTION
FLUOROCHEM.NS,20,ABSORPTION
FIVESTAR.NS,20,ABSORPTION
FIRSTCRY.NS,20,ABSORPTION
FINPIPE.NS,20,ABSORPTION
FINOPB.NS,20,ABSORPTION
FILATEX.NS,20,ABSORPTION
KIRLOSBROS.NS,20,ABSORPTION
KSOLVES.NS,20,ABSORPTION
KRSNAA.NS,20,ABSORPTION
KROSS.NS,20,ABSORPTION
KRONOX.NS,20,ABSORPTION
KRN.NS,20,ABSORPTION
LUPIN.NS,20,PHASE_D
LUMAXTECH.NS,20,ABSORPTION
LTTS.NS,20,ABSORPTION
LTFOODS.NS,20,ABSORPTION
LTF.NS,20,ABSORPTION
FDC.NS,20,ABSORPTION
KIRIINDUS.NS,20,ABSORPTION
KIMS.NS,20,ABSORPTION
KHAICHEM.NS,20,ABSORPTION
KHADIM.NS,20,ABSORPTION
KFINTECH.NS,20,ABSORPTION
KELLTONTEC.NS,20,ABSORPTION
KEI.NS,20,ABSORPTION
KRITI.NS,20,ABSORPTION
KRISHNADEF.NS,20,ABSORPTION
KPRMILL.NS,20,ABSORPTION
GARUDA.NS,20,ABSORPTION
KOTHARIPRO.NS,20,ABSORPTION
KOTAKBANK.NS,20,ABSORPTION
KOHINOOR.NS,20,ABSORPTION
KNRCON.NS,20,ABSORPTION
KMEW.NS,20,ABSORPTION
KITEX.NS,20,ABSORPTION
GENESYS.NS,20,ABSORPTION
GENCON.NS,20,ABSORPTION
GEEKAYWIRE.NS,20,ABSORPTION
GATEWAY.NS,20,ABSORPTION
KPITTECH.NS,20,ABSORPTION
HINDPETRO.NS,20,ABSORPTION
HINDOILEXP.NS,20,ABSORPTION
HINDCOPPER.NS,20,ABSORPTION
HILTON.NS,20,ABSORPTION
HIKAL.NS,20,ABSORPTION
HGINFRA.NS,20,ABSORPTION
ZEEL.NS,20,ABSORPTION
HERANBA.NS,20,ABSORPTION
HEMIPROP.NS,20,ABSORPTION
HEIDELBERG.NS,20,ABSORPTION
GOPAL.NS,20,ABSORPTION
HDFCBANK.NS,20,ABSORPTION
HCG.NS,20,ABSORPTION
HARIOMPIPE.NS,20,ABSORPTION
IDFCFIRSTB.NS,20,ABSORPTION
IDBI.NS,20,ABSORPTION
ICIL.NS,20,ABSORPTION
ICICIPRULI.NS,20,ABSORPTION
ICICIGI.NS,20,ABSORPTION
HYUNDAI.NS,20,ABSORPTION
HUHTAMAKI.NS,20,ABSORPTION
HDFCLIFE.NS,20,ABSORPTION
AERONEU.NS,20,ABSORPTION
21STCENMGM.NS,20,ABSORPTION
ZAGGLE.NS,20,ABSORPTION
AEROFLEX.NS,20,ABSORPTION
AEROENTER.NS,20,ABSORPTION
AEGISVOPAK.NS,20,ABSORPTION
AEGISLOG.NS,20,ABSORPTION
ADVENZYMES.NS,20,ABSORPTION
ADSL.NS,20,ABSORPTION
VTL.NS,20,ABSORPTION
HINDWAREAP.NS,20,ABSORPTION
VRLLOG.NS,20,ABSORPTION
VPRPL.NS,20,ABSORPTION
VOLTAS.NS,20,ABSORPTION
VISAKAIND.NS,20,ABSORPTION
VIPCLOTHNG.NS,20,ABSORPTION
HUBTOWN.NS,20,ABSORPTION
AETHER.NS,20,ABSORPTION
HOMEFIRST.NS,20,ABSORPTION
HMAAGRO.NS,20,ABSORPTION
HLEGLAS.NS,20,ABSORPTION
VSTIND.NS,20,ABSORPTION
INDIGOPNTS.NS,20,ABSORPTION
INDIGO.NS,20,ABSORPTION
IRCON.NS,20,ABSORPTION
IPL.NS,20,ABSORPTION
IOC.NS,20,ABSORPTION
IOB.NS,20,ABSORPTION
INTLCONV.NS,20,ABSORPTION
INTERARCH.NS,20,ABSORPTION
INTENTECH.NS,20,ABSORPTION
INOXGREEN.NS,20,ABSORPTION
INDIANB.NS,20,ABSORPTION
INDUSINDBK.NS,20,ABSORPTION
GULFPETRO.NS,20,ABSORPTION
GULFOILLUB.NS,20,ABSORPTION
GRINFRA.NS,20,ABSORPTION
GREENPANEL.NS,20,ABSORPTION
GREENLAM.NS,20,ABSORPTION
GREAVESCOT.NS,20,ABSORPTION
GRAVITA.NS,20,ABSORPTION
GRASIM.NS,20,ABSORPTION
GPPL.NS,20,ABSORPTION
INFOBEAN.NS,20,ABSORPTION
INDIAMART.NS,20,ABSORPTION
INDIACEM.NS,20,ABSORPTION
INDHOTEL.NS,20,ABSORPTION
IMAGICAA.NS,20,ABSORPTION
IKS.NS,20,ABSORPTION
IKIO.NS,20,ABSORPTION
IIFL.NS,20,ABSORPTION
IGL.NS,20,ABSORPTION
IGIL.NS,20,ABSORPTION
IFCI.NS,20,ABSORPTION
INDOAMIN.NS,20,ABSORPTION
IEX.NS,20,ABSORPTION
GUJTHEM.NS,20,ABSORPTION
GUJGASLTD.NS,20,ABSORPTION
GUJALKALI.NS,20,ABSORPTION
GTPL.NS,20,ABSORPTION
GSPL.NS,20,ABSORPTION
GSLSU.NS,20,ABSORPTION
GSFC.NS,20,ABSORPTION
INDSWFTLAB.NS,20,ABSORPTION
INDORAMA.NS,20,ABSORPTION
INDOFARM.NS,20,ABSORPTION
IFBIND.NS,20,ABSORPTION
CYIENT.NS,20,ABSORPTION
CYBERTECH.NS,20,ABSORPTION
OLAELEC.NS,20,ABSORPTION
OILCOUNTUB.NS,20,ABSORPTION
NRBBEARING.NS,20,ABSORPTION
NOVAAGRI.NS,20,ABSORPTION
PARACABLES.NS,20,ABSORPTION
OSWALPUMPS.NS,20,ABSORPTION
OSWALGREEN.NS,20,ABSORPTION
OSWALAGRO.NS,20,ABSORPTION
LT.NS,20,ABSORPTION
ORIENTHOT.NS,20,ABSORPTION
ORIENTCER.NS,20,ABSORPTION
ORIENTCEM.NS,20,ABSORPTION
ORCHPHARMA.NS,20,ABSORPTION
ONWARDTEC.NS,20,ABSORPTION
ONELIFECAP.NS,20,ABSORPTION
OMINFRAL.NS,20,ABSORPTION
DCAL.NS,20,ABSORPTION
PFS.NS,20,ABSORPTION
PFOCUS.NS,20,ABSORPTION
ORIENTTECH.NS,20,ABSORPTION
DMCC.NS,20,ABSORPTION
DLF.NS,20,ABSORPTION
DIVISLAB.NS,20,ABSORPTION
DIVGIITTS.NS,20,ABSORPTION
NLCINDIA.NS,20,ABSORPTION
NIRAJ.NS,20,ABSORPTION
NIITMTS.NS,20,ABSORPTION
NIITLTD.NS,20,ABSORPTION
NIBE.NS,20,ABSORPTION
NIACL.NS,20,ABSORPTION
DABUR.NS,20,ABSORPTION
NEWGEN.NS,20,ABSORPTION
NETWORK18.NS,20,ABSORPTION
DDEVPLSTIK.NS,20,ABSORPTION
DCW.NS,20,ABSORPTION
DBREALTY.NS,20,ABSORPTION
DBEIL.NS,20,ABSORPTION
DBCORP.NS,20,ABSORPTION
DATAMATICS.NS,20,ABSORPTION
DAMCAPITAL.NS,20,ABSORPTION
DALBHARAT.NS,20,ABSORPTION
NFL.NS,20,ABSORPTION
CHOLAFIN.NS,20,ABSORPTION
CHOICEIN.NS,20,ABSORPTION
CHALET.NS,20,ABSORPTION
POLYPLEX.NS,20,ABSORPTION
POLYCAB.NS,20,ABSORPTION
POKARNA.NS,20,ABSORPTION
POCL.NS,20,ABSORPTION
PNBGILTS.NS,20,ABSORPTION
PNB.NS,20,ABSORPTION
PLAZACABLE.NS,20,ABSORPTION
PETRONET.NS,20,ABSORPTION
PIIND.NS,20,ABSORPTION
PSPPROJECT.NS,20,ABSORPTION
PSB.NS,20,ABSORPTION
PRSMJOHNSN.NS,20,ABSORPTION
PROTEAN.NS,20,ABSORPTION
PROSTARM.NS,20,ABSORPTION
PRINCEPIPE.NS,20,ABSORPTION
PRESTIGE.NS,20,ABSORPTION
PREMIERENE.NS,20,ABSORPTION
PRECAM.NS,20,ABSORPTION
PLATIND.NS,20,ABSORPTION
PENIND.NS,20,ABSORPTION
PDSL.NS,20,ABSORPTION
PDMJEPAPER.NS,20,ABSORPTION
PCBL.NS,20,ABSORPTION
PAVNAIND.NS,20,ABSORPTION
PATELENG.NS,20,ABSORPTION
PATANJALI.NS,20,ABSORPTION
PASUPTAC.NS,20,ABSORPTION
PARKHOTELS.NS,20,ABSORPTION
CUBEXTUB.NS,20,ABSORPTION
CHOLAHLDNG.NS,20,ABSORPTION
CREDITACC.NS,20,ABSORPTION
COROMANDEL.NS,20,ABSORPTION
CONFIPET.NS,20,ABSORPTION
CONCORDBIO.NS,20,ABSORPTION
COLPAL.NS,20,ABSORPTION
COHANCE.NS,20,ABSORPTION
COFFEEDAY.NS,20,ABSORPTION
PIGL.NS,20,ABSORPTION
PIDILITIND.NS,20,ABSORPTION
PGEL.NS,20,ABSORPTION
CRISIL.NS,20,ABSORPTION
LXCHEM.NS,20,ABSORPTION
MARUTI.NS,20,ABSORPTION
MARKSANS.NS,20,ABSORPTION
MARICO.NS,20,ABSORPTION
MANYAVAR.NS,20,ABSORPTION
MANOMAY.NS,20,ABSORPTION
MANBA.NS,20,ABSORPTION
MANALIPETC.NS,20,ABSORPTION
MAMATA.NS,20,ABSORPTION
ENDURANCE.NS,20,ABSORPTION
NAUKRI.NS,20,ABSORPTION
EMSLIMITED.NS,20,ABSORPTION
EMCURE.NS,20,ABSORPTION
ELLEN.NS,20,ABSORPTION
ELIN.NS,20,ABSORPTION
ELGIRUBCO.NS,20,ABSORPTION
ELECTCAST.NS,20,ABSORPTION
EKC.NS,20,ABSORPTION
MBAPL.NS,20,ABSORPTION
MAXIND.NS,20,ABSORPTION
MAXHEALTH.NS,20,ABSORPTION
EMUDHRA.NS,20,ABSORPTION
LOKESHMACH.NS,20,ABSORPTION
LODHA.NS,20,ABSORPTION
LICI.NS,20,ABSORPTION
LEMONTREE.NS,20,ABSORPTION
LAXMIDENTL.NS,20,ABSORPTION
LATTEYS.NS,20,ABSORPTION
LATENTVIEW.NS,20,ABSORPTION
LAOPALA.NS,20,ABSORPTION
LANDMARK.NS,20,ABSORPTION
KUANTUM.NS,20,ABSORPTION
M&M.NS,20,ABSORPTION
ETERNAL.NS,20,ABSORPTION
ESTER.NS,20,ABSORPTION
ESSARSHPNG.NS,20,ABSORPTION
ESCORTS.NS,20,ABSORPTION
ESAFSFB.NS,20,ABSORPTION
EQUITASBNK.NS,20,ABSORPTION
EPL.NS,20,ABSORPTION
EPACK.NS,20,ABSORPTION
MADRASFERT.NS,20,ABSORPTION
M&MFIN.NS,20,ABSORPTION
EUREKAFORB.NS,20,ABSORPTION
MRPL.NS,20,ABSORPTION
DIGITIDE.NS,20,ABSORPTION
DIAMONDYD.NS,20,ABSORPTION
NATCOPHARM.NS,20,ABSORPTION
NARMADA.NS,20,ABSORPTION
NACLIND.NS,20,ABSORPTION
MVGJL.NS,20,ABSORPTION
MUTHOOTFIN.NS,20,ABSORPTION
MUFTI.NS,20,ABSORPTION
MTNL.NS,20,ABSORPTION
MAXESTATES.NS,20,ABSORPTION
EIEL.NS,20,ABSORPTION
DCMSRIND.NS,20,ABSORPTION
NELCO.NS,20,ABSORPTION
NECCLTD.NS,20,ABSORPTION
NCLIND.NS,20,ABSORPTION
NBCC.NS,20,ABSORPTION
NAZARA.NS,20,ABSORPTION
NAVNETEDUL.NS,20,ABSORPTION
NAVINFLUOR.NS,20,ABSORPTION
NAVA.NS,20,ABSORPTION
EIHOTEL.NS,20,ABSORPTION
MASTERTR.NS,20,ABSORPTION
MOL.NS,20,ABSORPTION
MIRZAINT.NS,20,ABSORPTION
MIRCELECTR.NS,20,ABSORPTION
MINDTECK.NS,20,ABSORPTION
MINDACORP.NS,20,ABSORPTION
MICEL.NS,20,ABSORPTION
MHRIL.NS,20,ABSORPTION
MGL.NS,20,ABSORPTION
MFSL.NS,20,ABSORPTION
MSTCLTD.NS,20,ABSORPTION
MEDICO.NS,20,ABSORPTION
MEDIASSIST.NS,20,ABSORPTION
MEDANTA.NS,20,ABSORPTION
EICHERMOT.NS,20,ABSORPTION
ECOSMOBLTY.NS,20,ABSORPTION
DREDGECORP.NS,20,ABSORPTION
DREAMFOLKS.NS,20,ABSORPTION
DRCSYSTEMS.NS,20,ABSORPTION
DPWIRES.NS,20,ABSORPTION
DOLPHIN.NS,20,ABSORPTION
DOLLAR.NS,20,ABSORPTION
METROPOLIS.NS,20,ABSORPTION
ABINFRA.NS,15,
TICL.NS,15,
TCI.NS,15,
SINTERCOM.NS,15,
SHAILY.NS,15,
PASHUPATI.NS,15,
PERSISTENT.NS,15,
OIL.NS,15,
ERIS.NS,15,
INFY.NS,15,
IPCALAB.NS,15,
INDRAMEDCO.NS,15,
HEXT.NS,15,
HCLTECH.NS,15,
VIPIND.NS,15,
